element,decimal_approx,inverse_in_sample,sample_classification,theoretical_unit_within_bound,notes
1,1.00000000,1,unit_in_sample,yes,This is a bounded computational sample. It does not prove the full unit group or any infinite mathematical property.
1/2,0.50000000,2,unit_in_sample,yes,This is a bounded computational sample. It does not prove the full unit group or any infinite mathematical property.
1/4,0.25000000,4,unit_in_sample,yes,This is a bounded computational sample. It does not prove the full unit group or any infinite mathematical property.
1/8,0.12500000,,nonunit_in_sample,yes,Theoretical unit whose inverse was not found in bounded sample. False negative caused by sample boundary.
1/16,0.06250000,,nonunit_in_sample,yes,Theoretical unit whose inverse was not found in bounded sample. False negative caused by sample boundary.
1/32,0.03125000,,nonunit_in_sample,yes,Theoretical unit whose inverse was not found in bounded sample. False negative caused by sample boundary.
2,2.00000000,1/2,unit_in_sample,yes,This is a bounded computational sample. It does not prove the full unit group or any infinite mathematical property.
3,3.00000000,,nonunit_in_sample,no,This is a bounded computational sample. It does not prove the full unit group or any infinite mathematical property.
3/2,1.50000000,,nonunit_in_sample,no,This is a bounded computational sample. It does not prove the full unit group or any infinite mathematical property.
3/4,0.75000000,,nonunit_in_sample,no,This is a bounded computational sample. It does not prove the full unit group or any infinite mathematical property.
3/8,0.37500000,,nonunit_in_sample,no,This is a bounded computational sample. It does not prove the full unit group or any infinite mathematical property.
3/16,0.18750000,,nonunit_in_sample,no,This is a bounded computational sample. It does not prove the full unit group or any infinite mathematical property.
3/32,0.09375000,,nonunit_in_sample,no,This is a bounded computational sample. It does not prove the full unit group or any infinite mathematical property.
4,4.00000000,1/4,unit_in_sample,yes,This is a bounded computational sample. It does not prove the full unit group or any infinite mathematical property.
5,5.00000000,,nonunit_in_sample,no,This is a bounded computational sample. It does not prove the full unit group or any infinite mathematical property.
5/2,2.50000000,,nonunit_in_sample,no,This is a bounded computational sample. It does not prove the full unit group or any infinite mathematical property.
5/4,1.25000000,,nonunit_in_sample,no,This is a bounded computational sample. It does not prove the full unit group or any infinite mathematical property.
5/8,0.62500000,,nonunit_in_sample,no,This is a bounded computational sample. It does not prove the full unit group or any infinite mathematical property.
5/16,0.31250000,,nonunit_in_sample,no,This is a bounded computational sample. It does not prove the full unit group or any infinite mathematical property.
5/32,0.15625000,,nonunit_in_sample,no,This is a bounded computational sample. It does not prove the full unit group or any infinite mathematical property.
7/2,3.50000000,,nonunit_in_sample,no,This is a bounded computational sample. It does not prove the full unit group or any infinite mathematical property.
7/4,1.75000000,,nonunit_in_sample,no,This is a bounded computational sample. It does not prove the full unit group or any infinite mathematical property.
7/8,0.87500000,,nonunit_in_sample,no,This is a bounded computational sample. It does not prove the full unit group or any infinite mathematical property.
7/16,0.43750000,,nonunit_in_sample,no,This is a bounded computational sample. It does not prove the full unit group or any infinite mathematical property.
7/32,0.21875000,,nonunit_in_sample,no,This is a bounded computational sample. It does not prove the full unit group or any infinite mathematical property.
9/2,4.50000000,,nonunit_in_sample,no,This is a bounded computational sample. It does not prove the full unit group or any infinite mathematical property.
9/4,2.25000000,,nonunit_in_sample,no,This is a bounded computational sample. It does not prove the full unit group or any infinite mathematical property.
9/8,1.12500000,,nonunit_in_sample,no,This is a bounded computational sample. It does not prove the full unit group or any infinite mathematical property.
9/16,0.56250000,,nonunit_in_sample,no,This is a bounded computational sample. It does not prove the full unit group or any infinite mathematical property.
9/32,0.28125000,,nonunit_in_sample,no,This is a bounded computational sample. It does not prove the full unit group or any infinite mathematical property.
11/2,5.50000000,,nonunit_in_sample,no,This is a bounded computational sample. It does not prove the full unit group or any infinite mathematical property.
11/4,2.75000000,,nonunit_in_sample,no,This is a bounded computational sample. It does not prove the full unit group or any infinite mathematical property.
11/8,1.37500000,,nonunit_in_sample,no,This is a bounded computational sample. It does not prove the full unit group or any infinite mathematical property.
11/16,0.68750000,,nonunit_in_sample,no,This is a bounded computational sample. It does not prove the full unit group or any infinite mathematical property.
11/32,0.34375000,,nonunit_in_sample,no,This is a bounded computational sample. It does not prove the full unit group or any infinite mathematical property.
13/4,3.25000000,,nonunit_in_sample,no,This is a bounded computational sample. It does not prove the full unit group or any infinite mathematical property.
13/8,1.62500000,,nonunit_in_sample,no,This is a bounded computational sample. It does not prove the full unit group or any infinite mathematical property.
13/16,0.81250000,,nonunit_in_sample,no,This is a bounded computational sample. It does not prove the full unit group or any infinite mathematical property.
13/32,0.40625000,,nonunit_in_sample,no,This is a bounded computational sample. It does not prove the full unit group or any infinite mathematical property.
15/4,3.75000000,,nonunit_in_sample,no,This is a bounded computational sample. It does not prove the full unit group or any infinite mathematical property.
15/8,1.87500000,,nonunit_in_sample,no,This is a bounded computational sample. It does not prove the full unit group or any infinite mathematical property.
15/16,0.93750000,,nonunit_in_sample,no,This is a bounded computational sample. It does not prove the full unit group or any infinite mathematical property.
15/32,0.46875000,,nonunit_in_sample,no,This is a bounded computational sample. It does not prove the full unit group or any infinite mathematical property.
17/4,4.25000000,,nonunit_in_sample,no,This is a bounded computational sample. It does not prove the full unit group or any infinite mathematical property.
17/8,2.12500000,,nonunit_in_sample,no,This is a bounded computational sample. It does not prove the full unit group or any infinite mathematical property.
17/16,1.06250000,,nonunit_in_sample,no,This is a bounded computational sample. It does not prove the full unit group or any infinite mathematical property.
17/32,0.53125000,,nonunit_in_sample,no,This is a bounded computational sample. It does not prove the full unit group or any infinite mathematical property.
19/4,4.75000000,,nonunit_in_sample,no,This is a bounded computational sample. It does not prove the full unit group or any infinite mathematical property.
19/8,2.37500000,,nonunit_in_sample,no,This is a bounded computational sample. It does not prove the full unit group or any infinite mathematical property.
19/16,1.18750000,,nonunit_in_sample,no,This is a bounded computational sample. It does not prove the full unit group or any infinite mathematical property.
19/32,0.59375000,,nonunit_in_sample,no,This is a bounded computational sample. It does not prove the full unit group or any infinite mathematical property.
21/4,5.25000000,,nonunit_in_sample,no,This is a bounded computational sample. It does not prove the full unit group or any infinite mathematical property.
21/8,2.62500000,,nonunit_in_sample,no,This is a bounded computational sample. It does not prove the full unit group or any infinite mathematical property.
21/16,1.31250000,,nonunit_in_sample,no,This is a bounded computational sample. It does not prove the full unit group or any infinite mathematical property.
21/32,0.65625000,,nonunit_in_sample,no,This is a bounded computational sample. It does not prove the full unit group or any infinite mathematical property.
23/4,5.75000000,,nonunit_in_sample,no,This is a bounded computational sample. It does not prove the full unit group or any infinite mathematical property.
23/8,2.87500000,,nonunit_in_sample,no,This is a bounded computational sample. It does not prove the full unit group or any infinite mathematical property.
23/16,1.43750000,,nonunit_in_sample,no,This is a bounded computational sample. It does not prove the full unit group or any infinite mathematical property.
23/32,0.71875000,,nonunit_in_sample,no,This is a bounded computational sample. It does not prove the full unit group or any infinite mathematical property.
25/8,3.12500000,,nonunit_in_sample,no,This is a bounded computational sample. It does not prove the full unit group or any infinite mathematical property.
25/16,1.56250000,,nonunit_in_sample,no,This is a bounded computational sample. It does not prove the full unit group or any infinite mathematical property.
25/32,0.78125000,,nonunit_in_sample,no,This is a bounded computational sample. It does not prove the full unit group or any infinite mathematical property.
27/8,3.37500000,,nonunit_in_sample,no,This is a bounded computational sample. It does not prove the full unit group or any infinite mathematical property.
27/16,1.68750000,,nonunit_in_sample,no,This is a bounded computational sample. It does not prove the full unit group or any infinite mathematical property.
27/32,0.84375000,,nonunit_in_sample,no,This is a bounded computational sample. It does not prove the full unit group or any infinite mathematical property.
29/8,3.62500000,,nonunit_in_sample,no,This is a bounded computational sample. It does not prove the full unit group or any infinite mathematical property.
29/16,1.81250000,,nonunit_in_sample,no,This is a bounded computational sample. It does not prove the full unit group or any infinite mathematical property.
29/32,0.90625000,,nonunit_in_sample,no,This is a bounded computational sample. It does not prove the full unit group or any infinite mathematical property.
31/8,3.87500000,,nonunit_in_sample,no,This is a bounded computational sample. It does not prove the full unit group or any infinite mathematical property.
31/16,1.93750000,,nonunit_in_sample,no,This is a bounded computational sample. It does not prove the full unit group or any infinite mathematical property.
31/32,0.96875000,,nonunit_in_sample,no,This is a bounded computational sample. It does not prove the full unit group or any infinite mathematical property.
33/8,4.12500000,,nonunit_in_sample,no,This is a bounded computational sample. It does not prove the full unit group or any infinite mathematical property.
33/16,2.06250000,,nonunit_in_sample,no,This is a bounded computational sample. It does not prove the full unit group or any infinite mathematical property.
33/32,1.03125000,,nonunit_in_sample,no,This is a bounded computational sample. It does not prove the full unit group or any infinite mathematical property.
35/8,4.37500000,,nonunit_in_sample,no,This is a bounded computational sample. It does not prove the full unit group or any infinite mathematical property.
35/16,2.18750000,,nonunit_in_sample,no,This is a bounded computational sample. It does not prove the full unit group or any infinite mathematical property.
35/32,1.09375000,,nonunit_in_sample,no,This is a bounded computational sample. It does not prove the full unit group or any infinite mathematical property.
37/8,4.62500000,,nonunit_in_sample,no,This is a bounded computational sample. It does not prove the full unit group or any infinite mathematical property.
37/16,2.31250000,,nonunit_in_sample,no,This is a bounded computational sample. It does not prove the full unit group or any infinite mathematical property.
37/32,1.15625000,,nonunit_in_sample,no,This is a bounded computational sample. It does not prove the full unit group or any infinite mathematical property.
39/8,4.87500000,,nonunit_in_sample,no,This is a bounded computational sample. It does not prove the full unit group or any infinite mathematical property.
39/16,2.43750000,,nonunit_in_sample,no,This is a bounded computational sample. It does not prove the full unit group or any infinite mathematical property.
39/32,1.21875000,,nonunit_in_sample,no,This is a bounded computational sample. It does not prove the full unit group or any infinite mathematical property.
41/8,5.12500000,,nonunit_in_sample,no,This is a bounded computational sample. It does not prove the full unit group or any infinite mathematical property.
41/16,2.56250000,,nonunit_in_sample,no,This is a bounded computational sample. It does not prove the full unit group or any infinite mathematical property.
41/32,1.28125000,,nonunit_in_sample,no,This is a bounded computational sample. It does not prove the full unit group or any infinite mathematical property.
43/8,5.37500000,,nonunit_in_sample,no,This is a bounded computational sample. It does not prove the full unit group or any infinite mathematical property.
43/16,2.68750000,,nonunit_in_sample,no,This is a bounded computational sample. It does not prove the full unit group or any infinite mathematical property.
43/32,1.34375000,,nonunit_in_sample,no,This is a bounded computational sample. It does not prove the full unit group or any infinite mathematical property.
45/8,5.62500000,,nonunit_in_sample,no,This is a bounded computational sample. It does not prove the full unit group or any infinite mathematical property.
45/16,2.81250000,,nonunit_in_sample,no,This is a bounded computational sample. It does not prove the full unit group or any infinite mathematical property.
45/32,1.40625000,,nonunit_in_sample,no,This is a bounded computational sample. It does not prove the full unit group or any infinite mathematical property.
47/8,5.87500000,,nonunit_in_sample,no,This is a bounded computational sample. It does not prove the full unit group or any infinite mathematical property.
47/16,2.93750000,,nonunit_in_sample,no,This is a bounded computational sample. It does not prove the full unit group or any infinite mathematical property.
47/32,1.46875000,,nonunit_in_sample,no,This is a bounded computational sample. It does not prove the full unit group or any infinite mathematical property.
49/16,3.06250000,,nonunit_in_sample,no,This is a bounded computational sample. It does not prove the full unit group or any infinite mathematical property.
49/32,1.53125000,,nonunit_in_sample,no,This is a bounded computational sample. It does not prove the full unit group or any infinite mathematical property.
51/16,3.18750000,,nonunit_in_sample,no,This is a bounded computational sample. It does not prove the full unit group or any infinite mathematical property.
51/32,1.59375000,,nonunit_in_sample,no,This is a bounded computational sample. It does not prove the full unit group or any infinite mathematical property.
53/16,3.31250000,,nonunit_in_sample,no,This is a bounded computational sample. It does not prove the full unit group or any infinite mathematical property.
53/32,1.65625000,,nonunit_in_sample,no,This is a bounded computational sample. It does not prove the full unit group or any infinite mathematical property.
55/16,3.43750000,,nonunit_in_sample,no,This is a bounded computational sample. It does not prove the full unit group or any infinite mathematical property.
55/32,1.71875000,,nonunit_in_sample,no,This is a bounded computational sample. It does not prove the full unit group or any infinite mathematical property.
57/16,3.56250000,,nonunit_in_sample,no,This is a bounded computational sample. It does not prove the full unit group or any infinite mathematical property.
57/32,1.78125000,,nonunit_in_sample,no,This is a bounded computational sample. It does not prove the full unit group or any infinite mathematical property.
59/16,3.68750000,,nonunit_in_sample,no,This is a bounded computational sample. It does not prove the full unit group or any infinite mathematical property.
59/32,1.84375000,,nonunit_in_sample,no,This is a bounded computational sample. It does not prove the full unit group or any infinite mathematical property.
61/16,3.81250000,,nonunit_in_sample,no,This is a bounded computational sample. It does not prove the full unit group or any infinite mathematical property.
61/32,1.90625000,,nonunit_in_sample,no,This is a bounded computational sample. It does not prove the full unit group or any infinite mathematical property.
63/16,3.93750000,,nonunit_in_sample,no,This is a bounded computational sample. It does not prove the full unit group or any infinite mathematical property.
63/32,1.96875000,,nonunit_in_sample,no,This is a bounded computational sample. It does not prove the full unit group or any infinite mathematical property.
65/16,4.06250000,,nonunit_in_sample,no,This is a bounded computational sample. It does not prove the full unit group or any infinite mathematical property.
65/32,2.03125000,,nonunit_in_sample,no,This is a bounded computational sample. It does not prove the full unit group or any infinite mathematical property.
67/16,4.18750000,,nonunit_in_sample,no,This is a bounded computational sample. It does not prove the full unit group or any infinite mathematical property.
67/32,2.09375000,,nonunit_in_sample,no,This is a bounded computational sample. It does not prove the full unit group or any infinite mathematical property.
69/16,4.31250000,,nonunit_in_sample,no,This is a bounded computational sample. It does not prove the full unit group or any infinite mathematical property.
69/32,2.15625000,,nonunit_in_sample,no,This is a bounded computational sample. It does not prove the full unit group or any infinite mathematical property.
71/16,4.43750000,,nonunit_in_sample,no,This is a bounded computational sample. It does not prove the full unit group or any infinite mathematical property.
71/32,2.21875000,,nonunit_in_sample,no,This is a bounded computational sample. It does not prove the full unit group or any infinite mathematical property.
73/16,4.56250000,,nonunit_in_sample,no,This is a bounded computational sample. It does not prove the full unit group or any infinite mathematical property.
73/32,2.28125000,,nonunit_in_sample,no,This is a bounded computational sample. It does not prove the full unit group or any infinite mathematical property.
75/16,4.68750000,,nonunit_in_sample,no,This is a bounded computational sample. It does not prove the full unit group or any infinite mathematical property.
75/32,2.34375000,,nonunit_in_sample,no,This is a bounded computational sample. It does not prove the full unit group or any infinite mathematical property.
77/16,4.81250000,,nonunit_in_sample,no,This is a bounded computational sample. It does not prove the full unit group or any infinite mathematical property.
77/32,2.40625000,,nonunit_in_sample,no,This is a bounded computational sample. It does not prove the full unit group or any infinite mathematical property.
79/16,4.93750000,,nonunit_in_sample,no,This is a bounded computational sample. It does not prove the full unit group or any infinite mathematical property.
79/32,2.46875000,,nonunit_in_sample,no,This is a bounded computational sample. It does not prove the full unit group or any infinite mathematical property.
81/16,5.06250000,,nonunit_in_sample,no,This is a bounded computational sample. It does not prove the full unit group or any infinite mathematical property.
81/32,2.53125000,,nonunit_in_sample,no,This is a bounded computational sample. It does not prove the full unit group or any infinite mathematical property.
83/16,5.18750000,,nonunit_in_sample,no,This is a bounded computational sample. It does not prove the full unit group or any infinite mathematical property.
83/32,2.59375000,,nonunit_in_sample,no,This is a bounded computational sample. It does not prove the full unit group or any infinite mathematical property.
85/16,5.31250000,,nonunit_in_sample,no,This is a bounded computational sample. It does not prove the full unit group or any infinite mathematical property.
85/32,2.65625000,,nonunit_in_sample,no,This is a bounded computational sample. It does not prove the full unit group or any infinite mathematical property.
87/16,5.43750000,,nonunit_in_sample,no,This is a bounded computational sample. It does not prove the full unit group or any infinite mathematical property.
87/32,2.71875000,,nonunit_in_sample,no,This is a bounded computational sample. It does not prove the full unit group or any infinite mathematical property.
89/16,5.56250000,,nonunit_in_sample,no,This is a bounded computational sample. It does not prove the full unit group or any infinite mathematical property.
89/32,2.78125000,,nonunit_in_sample,no,This is a bounded computational sample. It does not prove the full unit group or any infinite mathematical property.
91/16,5.68750000,,nonunit_in_sample,no,This is a bounded computational sample. It does not prove the full unit group or any infinite mathematical property.
91/32,2.84375000,,nonunit_in_sample,no,This is a bounded computational sample. It does not prove the full unit group or any infinite mathematical property.
93/16,5.81250000,,nonunit_in_sample,no,This is a bounded computational sample. It does not prove the full unit group or any infinite mathematical property.
93/32,2.90625000,,nonunit_in_sample,no,This is a bounded computational sample. It does not prove the full unit group or any infinite mathematical property.
95/32,2.96875000,,nonunit_in_sample,no,This is a bounded computational sample. It does not prove the full unit group or any infinite mathematical property.
97/32,3.03125000,,nonunit_in_sample,no,This is a bounded computational sample. It does not prove the full unit group or any infinite mathematical property.
99/32,3.09375000,,nonunit_in_sample,no,This is a bounded computational sample. It does not prove the full unit group or any infinite mathematical property.
101/32,3.15625000,,nonunit_in_sample,no,This is a bounded computational sample. It does not prove the full unit group or any infinite mathematical property.
103/32,3.21875000,,nonunit_in_sample,no,This is a bounded computational sample. It does not prove the full unit group or any infinite mathematical property.
105/32,3.28125000,,nonunit_in_sample,no,This is a bounded computational sample. It does not prove the full unit group or any infinite mathematical property.
107/32,3.34375000,,nonunit_in_sample,no,This is a bounded computational sample. It does not prove the full unit group or any infinite mathematical property.
109/32,3.40625000,,nonunit_in_sample,no,This is a bounded computational sample. It does not prove the full unit group or any infinite mathematical property.
111/32,3.46875000,,nonunit_in_sample,no,This is a bounded computational sample. It does not prove the full unit group or any infinite mathematical property.
113/32,3.53125000,,nonunit_in_sample,no,This is a bounded computational sample. It does not prove the full unit group or any infinite mathematical property.
115/32,3.59375000,,nonunit_in_sample,no,This is a bounded computational sample. It does not prove the full unit group or any infinite mathematical property.
117/32,3.65625000,,nonunit_in_sample,no,This is a bounded computational sample. It does not prove the full unit group or any infinite mathematical property.
119/32,3.71875000,,nonunit_in_sample,no,This is a bounded computational sample. It does not prove the full unit group or any infinite mathematical property.
121/32,3.78125000,,nonunit_in_sample,no,This is a bounded computational sample. It does not prove the full unit group or any infinite mathematical property.
123/32,3.84375000,,nonunit_in_sample,no,This is a bounded computational sample. It does not prove the full unit group or any infinite mathematical property.
125/32,3.90625000,,nonunit_in_sample,no,This is a bounded computational sample. It does not prove the full unit group or any infinite mathematical property.
127/32,3.96875000,,nonunit_in_sample,no,This is a bounded computational sample. It does not prove the full unit group or any infinite mathematical property.
129/32,4.03125000,,nonunit_in_sample,no,This is a bounded computational sample. It does not prove the full unit group or any infinite mathematical property.
131/32,4.09375000,,nonunit_in_sample,no,This is a bounded computational sample. It does not prove the full unit group or any infinite mathematical property.
133/32,4.15625000,,nonunit_in_sample,no,This is a bounded computational sample. It does not prove the full unit group or any infinite mathematical property.
135/32,4.21875000,,nonunit_in_sample,no,This is a bounded computational sample. It does not prove the full unit group or any infinite mathematical property.
137/32,4.28125000,,nonunit_in_sample,no,This is a bounded computational sample. It does not prove the full unit group or any infinite mathematical property.
139/32,4.34375000,,nonunit_in_sample,no,This is a bounded computational sample. It does not prove the full unit group or any infinite mathematical property.
141/32,4.40625000,,nonunit_in_sample,no,This is a bounded computational sample. It does not prove the full unit group or any infinite mathematical property.
143/32,4.46875000,,nonunit_in_sample,no,This is a bounded computational sample. It does not prove the full unit group or any infinite mathematical property.
145/32,4.53125000,,nonunit_in_sample,no,This is a bounded computational sample. It does not prove the full unit group or any infinite mathematical property.
147/32,4.59375000,,nonunit_in_sample,no,This is a bounded computational sample. It does not prove the full unit group or any infinite mathematical property.
149/32,4.65625000,,nonunit_in_sample,no,This is a bounded computational sample. It does not prove the full unit group or any infinite mathematical property.
151/32,4.71875000,,nonunit_in_sample,no,This is a bounded computational sample. It does not prove the full unit group or any infinite mathematical property.
153/32,4.78125000,,nonunit_in_sample,no,This is a bounded computational sample. It does not prove the full unit group or any infinite mathematical property.
155/32,4.84375000,,nonunit_in_sample,no,This is a bounded computational sample. It does not prove the full unit group or any infinite mathematical property.
157/32,4.90625000,,nonunit_in_sample,no,This is a bounded computational sample. It does not prove the full unit group or any infinite mathematical property.
159/32,4.96875000,,nonunit_in_sample,no,This is a bounded computational sample. It does not prove the full unit group or any infinite mathematical property.
161/32,5.03125000,,nonunit_in_sample,no,This is a bounded computational sample. It does not prove the full unit group or any infinite mathematical property.
163/32,5.09375000,,nonunit_in_sample,no,This is a bounded computational sample. It does not prove the full unit group or any infinite mathematical property.
165/32,5.15625000,,nonunit_in_sample,no,This is a bounded computational sample. It does not prove the full unit group or any infinite mathematical property.
167/32,5.21875000,,nonunit_in_sample,no,This is a bounded computational sample. It does not prove the full unit group or any infinite mathematical property.
169/32,5.28125000,,nonunit_in_sample,no,This is a bounded computational sample. It does not prove the full unit group or any infinite mathematical property.
171/32,5.34375000,,nonunit_in_sample,no,This is a bounded computational sample. It does not prove the full unit group or any infinite mathematical property.
173/32,5.40625000,,nonunit_in_sample,no,This is a bounded computational sample. It does not prove the full unit group or any infinite mathematical property.
175/32,5.46875000,,nonunit_in_sample,no,This is a bounded computational sample. It does not prove the full unit group or any infinite mathematical property.
177/32,5.53125000,,nonunit_in_sample,no,This is a bounded computational sample. It does not prove the full unit group or any infinite mathematical property.
179/32,5.59375000,,nonunit_in_sample,no,This is a bounded computational sample. It does not prove the full unit group or any infinite mathematical property.
181/32,5.65625000,,nonunit_in_sample,no,This is a bounded computational sample. It does not prove the full unit group or any infinite mathematical property.
183/32,5.71875000,,nonunit_in_sample,no,This is a bounded computational sample. It does not prove the full unit group or any infinite mathematical property.
185/32,5.78125000,,nonunit_in_sample,no,This is a bounded computational sample. It does not prove the full unit group or any infinite mathematical property.
187/32,5.84375000,,nonunit_in_sample,no,This is a bounded computational sample. It does not prove the full unit group or any infinite mathematical property.
189/32,5.90625000,,nonunit_in_sample,no,This is a bounded computational sample. It does not prove the full unit group or any infinite mathematical property.
