element,decimal_approx,classification,decomposition_witness,is_theoretical_atom_within_degree_bound,notes
0,0.00000000,zero,,no,Zero is not an atom in any monoid.
1,1.00000000,candidate_atom,,yes,"This is a bounded computational sample. It does not prove atomicity, unique factorization, IDF behavior, or any infinite mathematical property."
2,2.00000000,decomposable,1 + 1,no,"This is a bounded computational sample. It does not prove atomicity, unique factorization, IDF behavior, or any infinite mathematical property."
3,3.00000000,decomposable,1 + 2,no,"This is a bounded computational sample. It does not prove atomicity, unique factorization, IDF behavior, or any infinite mathematical property."
4,4.00000000,decomposable,1 + 3,no,"This is a bounded computational sample. It does not prove atomicity, unique factorization, IDF behavior, or any infinite mathematical property."
5,5.00000000,decomposable,1 + 4,no,"This is a bounded computational sample. It does not prove atomicity, unique factorization, IDF behavior, or any infinite mathematical property."
6,6.00000000,decomposable,1 + 5,no,"This is a bounded computational sample. It does not prove atomicity, unique factorization, IDF behavior, or any infinite mathematical property."
7,7.00000000,decomposable,1 + 6,no,"This is a bounded computational sample. It does not prove atomicity, unique factorization, IDF behavior, or any infinite mathematical property."
8,8.00000000,decomposable,1 + 7,no,"This is a bounded computational sample. It does not prove atomicity, unique factorization, IDF behavior, or any infinite mathematical property."
9,9.00000000,decomposable,1 + 8,no,"This is a bounded computational sample. It does not prove atomicity, unique factorization, IDF behavior, or any infinite mathematical property."
10,10.00000000,decomposable,1 + 9,no,"This is a bounded computational sample. It does not prove atomicity, unique factorization, IDF behavior, or any infinite mathematical property."
11,11.00000000,decomposable,1 + 10,no,"This is a bounded computational sample. It does not prove atomicity, unique factorization, IDF behavior, or any infinite mathematical property."
12,12.00000000,decomposable,1 + 11,no,"This is a bounded computational sample. It does not prove atomicity, unique factorization, IDF behavior, or any infinite mathematical property."
13,13.00000000,decomposable,1 + 12,no,"This is a bounded computational sample. It does not prove atomicity, unique factorization, IDF behavior, or any infinite mathematical property."
14,14.00000000,decomposable,1 + 13,no,"This is a bounded computational sample. It does not prove atomicity, unique factorization, IDF behavior, or any infinite mathematical property."
15,15.00000000,decomposable,1 + 14,no,"This is a bounded computational sample. It does not prove atomicity, unique factorization, IDF behavior, or any infinite mathematical property."
16,16.00000000,decomposable,1 + 15,no,"This is a bounded computational sample. It does not prove atomicity, unique factorization, IDF behavior, or any infinite mathematical property."
17,17.00000000,decomposable,1 + 16,no,"This is a bounded computational sample. It does not prove atomicity, unique factorization, IDF behavior, or any infinite mathematical property."
18,18.00000000,decomposable,1 + 17,no,"This is a bounded computational sample. It does not prove atomicity, unique factorization, IDF behavior, or any infinite mathematical property."
19,19.00000000,decomposable,1 + 18,no,"This is a bounded computational sample. It does not prove atomicity, unique factorization, IDF behavior, or any infinite mathematical property."
20,20.00000000,decomposable,1 + 19,no,"This is a bounded computational sample. It does not prove atomicity, unique factorization, IDF behavior, or any infinite mathematical property."
21,21.00000000,decomposable,1 + 20,no,"This is a bounded computational sample. It does not prove atomicity, unique factorization, IDF behavior, or any infinite mathematical property."
22,22.00000000,decomposable,1 + 21,no,"This is a bounded computational sample. It does not prove atomicity, unique factorization, IDF behavior, or any infinite mathematical property."
23,23.00000000,decomposable,1 + 22,no,"This is a bounded computational sample. It does not prove atomicity, unique factorization, IDF behavior, or any infinite mathematical property."
24,24.00000000,decomposable,1 + 23,no,"This is a bounded computational sample. It does not prove atomicity, unique factorization, IDF behavior, or any infinite mathematical property."
25,25.00000000,decomposable,1 + 24,no,"This is a bounded computational sample. It does not prove atomicity, unique factorization, IDF behavior, or any infinite mathematical property."
26,26.00000000,decomposable,1 + 25,no,"This is a bounded computational sample. It does not prove atomicity, unique factorization, IDF behavior, or any infinite mathematical property."
27,27.00000000,decomposable,1 + 26,no,"This is a bounded computational sample. It does not prove atomicity, unique factorization, IDF behavior, or any infinite mathematical property."
28,28.00000000,decomposable,1 + 27,no,"This is a bounded computational sample. It does not prove atomicity, unique factorization, IDF behavior, or any infinite mathematical property."
29,29.00000000,decomposable,1 + 28,no,"This is a bounded computational sample. It does not prove atomicity, unique factorization, IDF behavior, or any infinite mathematical property."
30,30.00000000,decomposable,1 + 29,no,"This is a bounded computational sample. It does not prove atomicity, unique factorization, IDF behavior, or any infinite mathematical property."
31,31.00000000,decomposable,1 + 30,no,"This is a bounded computational sample. It does not prove atomicity, unique factorization, IDF behavior, or any infinite mathematical property."
32,32.00000000,decomposable,1 + 31,no,"This is a bounded computational sample. It does not prove atomicity, unique factorization, IDF behavior, or any infinite mathematical property."
33,33.00000000,decomposable,1 + 32,no,"This is a bounded computational sample. It does not prove atomicity, unique factorization, IDF behavior, or any infinite mathematical property."
34,34.00000000,decomposable,1 + 33,no,"This is a bounded computational sample. It does not prove atomicity, unique factorization, IDF behavior, or any infinite mathematical property."
35,35.00000000,decomposable,1 + 34,no,"This is a bounded computational sample. It does not prove atomicity, unique factorization, IDF behavior, or any infinite mathematical property."
36,36.00000000,decomposable,1 + 35,no,"This is a bounded computational sample. It does not prove atomicity, unique factorization, IDF behavior, or any infinite mathematical property."
37,37.00000000,decomposable,1 + 36,no,"This is a bounded computational sample. It does not prove atomicity, unique factorization, IDF behavior, or any infinite mathematical property."
38,38.00000000,decomposable,1 + 37,no,"This is a bounded computational sample. It does not prove atomicity, unique factorization, IDF behavior, or any infinite mathematical property."
39,39.00000000,decomposable,1 + 38,no,"This is a bounded computational sample. It does not prove atomicity, unique factorization, IDF behavior, or any infinite mathematical property."
40,40.00000000,decomposable,1 + 39,no,"This is a bounded computational sample. It does not prove atomicity, unique factorization, IDF behavior, or any infinite mathematical property."
41,41.00000000,decomposable,1 + 40,no,"This is a bounded computational sample. It does not prove atomicity, unique factorization, IDF behavior, or any infinite mathematical property."
42,42.00000000,decomposable,1 + 41,no,"This is a bounded computational sample. It does not prove atomicity, unique factorization, IDF behavior, or any infinite mathematical property."
43,43.00000000,decomposable,1 + 42,no,"This is a bounded computational sample. It does not prove atomicity, unique factorization, IDF behavior, or any infinite mathematical property."
44,44.00000000,decomposable,1 + 43,no,"This is a bounded computational sample. It does not prove atomicity, unique factorization, IDF behavior, or any infinite mathematical property."
45,45.00000000,decomposable,1 + 44,no,"This is a bounded computational sample. It does not prove atomicity, unique factorization, IDF behavior, or any infinite mathematical property."
46,46.00000000,decomposable,1 + 45,no,"This is a bounded computational sample. It does not prove atomicity, unique factorization, IDF behavior, or any infinite mathematical property."
47,47.00000000,decomposable,1 + 46,no,"This is a bounded computational sample. It does not prove atomicity, unique factorization, IDF behavior, or any infinite mathematical property."
48,48.00000000,decomposable,1 + 47,no,"This is a bounded computational sample. It does not prove atomicity, unique factorization, IDF behavior, or any infinite mathematical property."
49,49.00000000,decomposable,1 + 48,no,"This is a bounded computational sample. It does not prove atomicity, unique factorization, IDF behavior, or any infinite mathematical property."
50,50.00000000,decomposable,1 + 49,no,"This is a bounded computational sample. It does not prove atomicity, unique factorization, IDF behavior, or any infinite mathematical property."
51,51.00000000,decomposable,1 + 50,no,"This is a bounded computational sample. It does not prove atomicity, unique factorization, IDF behavior, or any infinite mathematical property."
52,52.00000000,decomposable,1 + 51,no,"This is a bounded computational sample. It does not prove atomicity, unique factorization, IDF behavior, or any infinite mathematical property."
53,53.00000000,decomposable,1 + 52,no,"This is a bounded computational sample. It does not prove atomicity, unique factorization, IDF behavior, or any infinite mathematical property."
54,54.00000000,decomposable,1 + 53,no,"This is a bounded computational sample. It does not prove atomicity, unique factorization, IDF behavior, or any infinite mathematical property."
55,55.00000000,decomposable,1 + 54,no,"This is a bounded computational sample. It does not prove atomicity, unique factorization, IDF behavior, or any infinite mathematical property."
56,56.00000000,decomposable,1 + 55,no,"This is a bounded computational sample. It does not prove atomicity, unique factorization, IDF behavior, or any infinite mathematical property."
57,57.00000000,decomposable,1 + 56,no,"This is a bounded computational sample. It does not prove atomicity, unique factorization, IDF behavior, or any infinite mathematical property."
58,58.00000000,decomposable,1 + 57,no,"This is a bounded computational sample. It does not prove atomicity, unique factorization, IDF behavior, or any infinite mathematical property."
59,59.00000000,decomposable,1 + 58,no,"This is a bounded computational sample. It does not prove atomicity, unique factorization, IDF behavior, or any infinite mathematical property."
60,60.00000000,decomposable,1 + 59,no,"This is a bounded computational sample. It does not prove atomicity, unique factorization, IDF behavior, or any infinite mathematical property."
61,61.00000000,decomposable,1 + 60,no,"This is a bounded computational sample. It does not prove atomicity, unique factorization, IDF behavior, or any infinite mathematical property."
62,62.00000000,decomposable,1 + 61,no,"This is a bounded computational sample. It does not prove atomicity, unique factorization, IDF behavior, or any infinite mathematical property."
63,63.00000000,decomposable,1 + 62,no,"This is a bounded computational sample. It does not prove atomicity, unique factorization, IDF behavior, or any infinite mathematical property."
64,64.00000000,decomposable,1 + 63,no,"This is a bounded computational sample. It does not prove atomicity, unique factorization, IDF behavior, or any infinite mathematical property."
65,65.00000000,decomposable,1 + 64,no,"This is a bounded computational sample. It does not prove atomicity, unique factorization, IDF behavior, or any infinite mathematical property."
66,66.00000000,decomposable,1 + 65,no,"This is a bounded computational sample. It does not prove atomicity, unique factorization, IDF behavior, or any infinite mathematical property."
67,67.00000000,decomposable,1 + 66,no,"This is a bounded computational sample. It does not prove atomicity, unique factorization, IDF behavior, or any infinite mathematical property."
68,68.00000000,decomposable,1 + 67,no,"This is a bounded computational sample. It does not prove atomicity, unique factorization, IDF behavior, or any infinite mathematical property."
69,69.00000000,decomposable,1 + 68,no,"This is a bounded computational sample. It does not prove atomicity, unique factorization, IDF behavior, or any infinite mathematical property."
70,70.00000000,decomposable,1 + 69,no,"This is a bounded computational sample. It does not prove atomicity, unique factorization, IDF behavior, or any infinite mathematical property."
71,71.00000000,decomposable,1 + 70,no,"This is a bounded computational sample. It does not prove atomicity, unique factorization, IDF behavior, or any infinite mathematical property."
72,72.00000000,decomposable,1 + 71,no,"This is a bounded computational sample. It does not prove atomicity, unique factorization, IDF behavior, or any infinite mathematical property."
73,73.00000000,decomposable,1 + 72,no,"This is a bounded computational sample. It does not prove atomicity, unique factorization, IDF behavior, or any infinite mathematical property."
74,74.00000000,decomposable,1 + 73,no,"This is a bounded computational sample. It does not prove atomicity, unique factorization, IDF behavior, or any infinite mathematical property."
75,75.00000000,decomposable,1 + 74,no,"This is a bounded computational sample. It does not prove atomicity, unique factorization, IDF behavior, or any infinite mathematical property."
76,76.00000000,decomposable,1 + 75,no,"This is a bounded computational sample. It does not prove atomicity, unique factorization, IDF behavior, or any infinite mathematical property."
77,77.00000000,decomposable,1 + 76,no,"This is a bounded computational sample. It does not prove atomicity, unique factorization, IDF behavior, or any infinite mathematical property."
78,78.00000000,decomposable,1 + 77,no,"This is a bounded computational sample. It does not prove atomicity, unique factorization, IDF behavior, or any infinite mathematical property."
79,79.00000000,decomposable,1 + 78,no,"This is a bounded computational sample. It does not prove atomicity, unique factorization, IDF behavior, or any infinite mathematical property."
80,80.00000000,decomposable,1 + 79,no,"This is a bounded computational sample. It does not prove atomicity, unique factorization, IDF behavior, or any infinite mathematical property."
81,81.00000000,decomposable,1 + 80,no,"This is a bounded computational sample. It does not prove atomicity, unique factorization, IDF behavior, or any infinite mathematical property."
82,82.00000000,decomposable,1 + 81,no,"This is a bounded computational sample. It does not prove atomicity, unique factorization, IDF behavior, or any infinite mathematical property."
83,83.00000000,decomposable,1 + 82,no,"This is a bounded computational sample. It does not prove atomicity, unique factorization, IDF behavior, or any infinite mathematical property."
84,84.00000000,decomposable,1 + 83,no,"This is a bounded computational sample. It does not prove atomicity, unique factorization, IDF behavior, or any infinite mathematical property."
85,85.00000000,decomposable,1 + 84,no,"This is a bounded computational sample. It does not prove atomicity, unique factorization, IDF behavior, or any infinite mathematical property."
86,86.00000000,decomposable,1 + 85,no,"This is a bounded computational sample. It does not prove atomicity, unique factorization, IDF behavior, or any infinite mathematical property."
87,87.00000000,decomposable,1 + 86,no,"This is a bounded computational sample. It does not prove atomicity, unique factorization, IDF behavior, or any infinite mathematical property."
88,88.00000000,decomposable,1 + 87,no,"This is a bounded computational sample. It does not prove atomicity, unique factorization, IDF behavior, or any infinite mathematical property."
89,89.00000000,decomposable,1 + 88,no,"This is a bounded computational sample. It does not prove atomicity, unique factorization, IDF behavior, or any infinite mathematical property."
90,90.00000000,decomposable,1 + 89,no,"This is a bounded computational sample. It does not prove atomicity, unique factorization, IDF behavior, or any infinite mathematical property."
91,91.00000000,decomposable,1 + 90,no,"This is a bounded computational sample. It does not prove atomicity, unique factorization, IDF behavior, or any infinite mathematical property."
92,92.00000000,decomposable,1 + 91,no,"This is a bounded computational sample. It does not prove atomicity, unique factorization, IDF behavior, or any infinite mathematical property."
93,93.00000000,decomposable,1 + 92,no,"This is a bounded computational sample. It does not prove atomicity, unique factorization, IDF behavior, or any infinite mathematical property."
94,94.00000000,decomposable,1 + 93,no,"This is a bounded computational sample. It does not prove atomicity, unique factorization, IDF behavior, or any infinite mathematical property."
95,95.00000000,decomposable,1 + 94,no,"This is a bounded computational sample. It does not prove atomicity, unique factorization, IDF behavior, or any infinite mathematical property."
96,96.00000000,decomposable,1 + 95,no,"This is a bounded computational sample. It does not prove atomicity, unique factorization, IDF behavior, or any infinite mathematical property."
97,97.00000000,decomposable,1 + 96,no,"This is a bounded computational sample. It does not prove atomicity, unique factorization, IDF behavior, or any infinite mathematical property."
98,98.00000000,decomposable,1 + 97,no,"This is a bounded computational sample. It does not prove atomicity, unique factorization, IDF behavior, or any infinite mathematical property."
99,99.00000000,decomposable,1 + 98,no,"This is a bounded computational sample. It does not prove atomicity, unique factorization, IDF behavior, or any infinite mathematical property."
100,100.00000000,decomposable,1 + 99,no,"This is a bounded computational sample. It does not prove atomicity, unique factorization, IDF behavior, or any infinite mathematical property."
101,101.00000000,decomposable,1 + 100,no,"This is a bounded computational sample. It does not prove atomicity, unique factorization, IDF behavior, or any infinite mathematical property."
102,102.00000000,decomposable,1 + 101,no,"This is a bounded computational sample. It does not prove atomicity, unique factorization, IDF behavior, or any infinite mathematical property."
103,103.00000000,decomposable,1 + 102,no,"This is a bounded computational sample. It does not prove atomicity, unique factorization, IDF behavior, or any infinite mathematical property."
104,104.00000000,decomposable,1 + 103,no,"This is a bounded computational sample. It does not prove atomicity, unique factorization, IDF behavior, or any infinite mathematical property."
105,105.00000000,decomposable,1 + 104,no,"This is a bounded computational sample. It does not prove atomicity, unique factorization, IDF behavior, or any infinite mathematical property."
106,106.00000000,decomposable,1 + 105,no,"This is a bounded computational sample. It does not prove atomicity, unique factorization, IDF behavior, or any infinite mathematical property."
107,107.00000000,decomposable,1 + 106,no,"This is a bounded computational sample. It does not prove atomicity, unique factorization, IDF behavior, or any infinite mathematical property."
108,108.00000000,decomposable,1 + 107,no,"This is a bounded computational sample. It does not prove atomicity, unique factorization, IDF behavior, or any infinite mathematical property."
109,109.00000000,decomposable,1 + 108,no,"This is a bounded computational sample. It does not prove atomicity, unique factorization, IDF behavior, or any infinite mathematical property."
110,110.00000000,decomposable,1 + 109,no,"This is a bounded computational sample. It does not prove atomicity, unique factorization, IDF behavior, or any infinite mathematical property."
111,111.00000000,decomposable,1 + 110,no,"This is a bounded computational sample. It does not prove atomicity, unique factorization, IDF behavior, or any infinite mathematical property."
112,112.00000000,decomposable,1 + 111,no,"This is a bounded computational sample. It does not prove atomicity, unique factorization, IDF behavior, or any infinite mathematical property."
113,113.00000000,decomposable,1 + 112,no,"This is a bounded computational sample. It does not prove atomicity, unique factorization, IDF behavior, or any infinite mathematical property."
114,114.00000000,decomposable,1 + 113,no,"This is a bounded computational sample. It does not prove atomicity, unique factorization, IDF behavior, or any infinite mathematical property."
115,115.00000000,decomposable,1 + 114,no,"This is a bounded computational sample. It does not prove atomicity, unique factorization, IDF behavior, or any infinite mathematical property."
116,116.00000000,decomposable,1 + 115,no,"This is a bounded computational sample. It does not prove atomicity, unique factorization, IDF behavior, or any infinite mathematical property."
117,117.00000000,decomposable,1 + 116,no,"This is a bounded computational sample. It does not prove atomicity, unique factorization, IDF behavior, or any infinite mathematical property."
118,118.00000000,decomposable,1 + 117,no,"This is a bounded computational sample. It does not prove atomicity, unique factorization, IDF behavior, or any infinite mathematical property."
119,119.00000000,decomposable,1 + 118,no,"This is a bounded computational sample. It does not prove atomicity, unique factorization, IDF behavior, or any infinite mathematical property."
120,120.00000000,decomposable,1 + 119,no,"This is a bounded computational sample. It does not prove atomicity, unique factorization, IDF behavior, or any infinite mathematical property."
121,121.00000000,decomposable,1 + 120,no,"This is a bounded computational sample. It does not prove atomicity, unique factorization, IDF behavior, or any infinite mathematical property."
122,122.00000000,decomposable,1 + 121,no,"This is a bounded computational sample. It does not prove atomicity, unique factorization, IDF behavior, or any infinite mathematical property."
123,123.00000000,decomposable,1 + 122,no,"This is a bounded computational sample. It does not prove atomicity, unique factorization, IDF behavior, or any infinite mathematical property."
124,124.00000000,decomposable,1 + 123,no,"This is a bounded computational sample. It does not prove atomicity, unique factorization, IDF behavior, or any infinite mathematical property."
125,125.00000000,decomposable,1 + 124,no,"This is a bounded computational sample. It does not prove atomicity, unique factorization, IDF behavior, or any infinite mathematical property."
126,126.00000000,decomposable,1 + 125,no,"This is a bounded computational sample. It does not prove atomicity, unique factorization, IDF behavior, or any infinite mathematical property."
127,127.00000000,decomposable,1 + 126,no,"This is a bounded computational sample. It does not prove atomicity, unique factorization, IDF behavior, or any infinite mathematical property."
128,128.00000000,decomposable,1 + 127,no,"This is a bounded computational sample. It does not prove atomicity, unique factorization, IDF behavior, or any infinite mathematical property."
129,129.00000000,decomposable,1 + 128,no,"This is a bounded computational sample. It does not prove atomicity, unique factorization, IDF behavior, or any infinite mathematical property."
130,130.00000000,decomposable,1 + 129,no,"This is a bounded computational sample. It does not prove atomicity, unique factorization, IDF behavior, or any infinite mathematical property."
131,131.00000000,decomposable,1 + 130,no,"This is a bounded computational sample. It does not prove atomicity, unique factorization, IDF behavior, or any infinite mathematical property."
132,132.00000000,decomposable,1 + 131,no,"This is a bounded computational sample. It does not prove atomicity, unique factorization, IDF behavior, or any infinite mathematical property."
133,133.00000000,decomposable,1 + 132,no,"This is a bounded computational sample. It does not prove atomicity, unique factorization, IDF behavior, or any infinite mathematical property."
134,134.00000000,decomposable,1 + 133,no,"This is a bounded computational sample. It does not prove atomicity, unique factorization, IDF behavior, or any infinite mathematical property."
135,135.00000000,decomposable,1 + 134,no,"This is a bounded computational sample. It does not prove atomicity, unique factorization, IDF behavior, or any infinite mathematical property."
136,136.00000000,decomposable,1 + 135,no,"This is a bounded computational sample. It does not prove atomicity, unique factorization, IDF behavior, or any infinite mathematical property."
137,137.00000000,decomposable,1 + 136,no,"This is a bounded computational sample. It does not prove atomicity, unique factorization, IDF behavior, or any infinite mathematical property."
138,138.00000000,decomposable,1 + 137,no,"This is a bounded computational sample. It does not prove atomicity, unique factorization, IDF behavior, or any infinite mathematical property."
139,139.00000000,decomposable,1 + 138,no,"This is a bounded computational sample. It does not prove atomicity, unique factorization, IDF behavior, or any infinite mathematical property."
140,140.00000000,decomposable,1 + 139,no,"This is a bounded computational sample. It does not prove atomicity, unique factorization, IDF behavior, or any infinite mathematical property."
141,141.00000000,decomposable,1 + 140,no,"This is a bounded computational sample. It does not prove atomicity, unique factorization, IDF behavior, or any infinite mathematical property."
142,142.00000000,decomposable,1 + 141,no,"This is a bounded computational sample. It does not prove atomicity, unique factorization, IDF behavior, or any infinite mathematical property."
143,143.00000000,decomposable,1 + 142,no,"This is a bounded computational sample. It does not prove atomicity, unique factorization, IDF behavior, or any infinite mathematical property."
144,144.00000000,decomposable,1 + 143,no,"This is a bounded computational sample. It does not prove atomicity, unique factorization, IDF behavior, or any infinite mathematical property."
145,145.00000000,decomposable,1 + 144,no,"This is a bounded computational sample. It does not prove atomicity, unique factorization, IDF behavior, or any infinite mathematical property."
146,146.00000000,decomposable,1 + 145,no,"This is a bounded computational sample. It does not prove atomicity, unique factorization, IDF behavior, or any infinite mathematical property."
147,147.00000000,decomposable,1 + 146,no,"This is a bounded computational sample. It does not prove atomicity, unique factorization, IDF behavior, or any infinite mathematical property."
148,148.00000000,decomposable,1 + 147,no,"This is a bounded computational sample. It does not prove atomicity, unique factorization, IDF behavior, or any infinite mathematical property."
149,149.00000000,decomposable,1 + 148,no,"This is a bounded computational sample. It does not prove atomicity, unique factorization, IDF behavior, or any infinite mathematical property."
150,150.00000000,decomposable,1 + 149,no,"This is a bounded computational sample. It does not prove atomicity, unique factorization, IDF behavior, or any infinite mathematical property."
151,151.00000000,decomposable,1 + 150,no,"This is a bounded computational sample. It does not prove atomicity, unique factorization, IDF behavior, or any infinite mathematical property."
152,152.00000000,decomposable,1 + 151,no,"This is a bounded computational sample. It does not prove atomicity, unique factorization, IDF behavior, or any infinite mathematical property."
153,153.00000000,decomposable,1 + 152,no,"This is a bounded computational sample. It does not prove atomicity, unique factorization, IDF behavior, or any infinite mathematical property."
154,154.00000000,decomposable,1 + 153,no,"This is a bounded computational sample. It does not prove atomicity, unique factorization, IDF behavior, or any infinite mathematical property."
155,155.00000000,decomposable,1 + 154,no,"This is a bounded computational sample. It does not prove atomicity, unique factorization, IDF behavior, or any infinite mathematical property."
156,156.00000000,decomposable,1 + 155,no,"This is a bounded computational sample. It does not prove atomicity, unique factorization, IDF behavior, or any infinite mathematical property."
157,157.00000000,decomposable,1 + 156,no,"This is a bounded computational sample. It does not prove atomicity, unique factorization, IDF behavior, or any infinite mathematical property."
158,158.00000000,decomposable,1 + 157,no,"This is a bounded computational sample. It does not prove atomicity, unique factorization, IDF behavior, or any infinite mathematical property."
159,159.00000000,decomposable,1 + 158,no,"This is a bounded computational sample. It does not prove atomicity, unique factorization, IDF behavior, or any infinite mathematical property."
160,160.00000000,decomposable,1 + 159,no,"This is a bounded computational sample. It does not prove atomicity, unique factorization, IDF behavior, or any infinite mathematical property."
161,161.00000000,decomposable,1 + 160,no,"This is a bounded computational sample. It does not prove atomicity, unique factorization, IDF behavior, or any infinite mathematical property."
162,162.00000000,decomposable,1 + 161,no,"This is a bounded computational sample. It does not prove atomicity, unique factorization, IDF behavior, or any infinite mathematical property."
163,163.00000000,decomposable,1 + 162,no,"This is a bounded computational sample. It does not prove atomicity, unique factorization, IDF behavior, or any infinite mathematical property."
164,164.00000000,decomposable,1 + 163,no,"This is a bounded computational sample. It does not prove atomicity, unique factorization, IDF behavior, or any infinite mathematical property."
165,165.00000000,decomposable,1 + 164,no,"This is a bounded computational sample. It does not prove atomicity, unique factorization, IDF behavior, or any infinite mathematical property."
166,166.00000000,decomposable,1 + 165,no,"This is a bounded computational sample. It does not prove atomicity, unique factorization, IDF behavior, or any infinite mathematical property."
167,167.00000000,decomposable,1 + 166,no,"This is a bounded computational sample. It does not prove atomicity, unique factorization, IDF behavior, or any infinite mathematical property."
168,168.00000000,decomposable,1 + 167,no,"This is a bounded computational sample. It does not prove atomicity, unique factorization, IDF behavior, or any infinite mathematical property."
169,169.00000000,decomposable,1 + 168,no,"This is a bounded computational sample. It does not prove atomicity, unique factorization, IDF behavior, or any infinite mathematical property."
170,170.00000000,decomposable,1 + 169,no,"This is a bounded computational sample. It does not prove atomicity, unique factorization, IDF behavior, or any infinite mathematical property."
171,171.00000000,decomposable,1 + 170,no,"This is a bounded computational sample. It does not prove atomicity, unique factorization, IDF behavior, or any infinite mathematical property."
172,172.00000000,decomposable,1 + 171,no,"This is a bounded computational sample. It does not prove atomicity, unique factorization, IDF behavior, or any infinite mathematical property."
173,173.00000000,decomposable,1 + 172,no,"This is a bounded computational sample. It does not prove atomicity, unique factorization, IDF behavior, or any infinite mathematical property."
174,174.00000000,decomposable,1 + 173,no,"This is a bounded computational sample. It does not prove atomicity, unique factorization, IDF behavior, or any infinite mathematical property."
175,175.00000000,decomposable,1 + 174,no,"This is a bounded computational sample. It does not prove atomicity, unique factorization, IDF behavior, or any infinite mathematical property."
176,176.00000000,decomposable,1 + 175,no,"This is a bounded computational sample. It does not prove atomicity, unique factorization, IDF behavior, or any infinite mathematical property."
177,177.00000000,decomposable,1 + 176,no,"This is a bounded computational sample. It does not prove atomicity, unique factorization, IDF behavior, or any infinite mathematical property."
178,178.00000000,decomposable,1 + 177,no,"This is a bounded computational sample. It does not prove atomicity, unique factorization, IDF behavior, or any infinite mathematical property."
179,179.00000000,decomposable,1 + 178,no,"This is a bounded computational sample. It does not prove atomicity, unique factorization, IDF behavior, or any infinite mathematical property."
180,180.00000000,decomposable,1 + 179,no,"This is a bounded computational sample. It does not prove atomicity, unique factorization, IDF behavior, or any infinite mathematical property."
181,181.00000000,decomposable,1 + 180,no,"This is a bounded computational sample. It does not prove atomicity, unique factorization, IDF behavior, or any infinite mathematical property."
182,182.00000000,decomposable,1 + 181,no,"This is a bounded computational sample. It does not prove atomicity, unique factorization, IDF behavior, or any infinite mathematical property."
183,183.00000000,decomposable,1 + 182,no,"This is a bounded computational sample. It does not prove atomicity, unique factorization, IDF behavior, or any infinite mathematical property."
184,184.00000000,decomposable,1 + 183,no,"This is a bounded computational sample. It does not prove atomicity, unique factorization, IDF behavior, or any infinite mathematical property."
185,185.00000000,decomposable,1 + 184,no,"This is a bounded computational sample. It does not prove atomicity, unique factorization, IDF behavior, or any infinite mathematical property."
186,186.00000000,decomposable,1 + 185,no,"This is a bounded computational sample. It does not prove atomicity, unique factorization, IDF behavior, or any infinite mathematical property."
187,187.00000000,decomposable,1 + 186,no,"This is a bounded computational sample. It does not prove atomicity, unique factorization, IDF behavior, or any infinite mathematical property."
188,188.00000000,decomposable,1 + 187,no,"This is a bounded computational sample. It does not prove atomicity, unique factorization, IDF behavior, or any infinite mathematical property."
189,189.00000000,decomposable,1 + 188,no,"This is a bounded computational sample. It does not prove atomicity, unique factorization, IDF behavior, or any infinite mathematical property."
