element,decimal_approx,numerator,denominator,support_primes,valuation_vector,selected_primes
1,1.00000000,1,1,[],"[0, 0, 0, 0, 0, 0, 0, 0]","[2, 3, 5, 7, 11, 13, 17, 19]"
1/2,0.50000000,1,2,[2],"[-1, 0, 0, 0, 0, 0, 0, 0]","[2, 3, 5, 7, 11, 13, 17, 19]"
1/4,0.25000000,1,4,[2],"[-2, 0, 0, 0, 0, 0, 0, 0]","[2, 3, 5, 7, 11, 13, 17, 19]"
1/8,0.12500000,1,8,[2],"[-3, 0, 0, 0, 0, 0, 0, 0]","[2, 3, 5, 7, 11, 13, 17, 19]"
1/16,0.06250000,1,16,[2],"[-4, 0, 0, 0, 0, 0, 0, 0]","[2, 3, 5, 7, 11, 13, 17, 19]"
1/32,0.03125000,1,32,[2],"[-5, 0, 0, 0, 0, 0, 0, 0]","[2, 3, 5, 7, 11, 13, 17, 19]"
2,2.00000000,2,1,[2],"[1, 0, 0, 0, 0, 0, 0, 0]","[2, 3, 5, 7, 11, 13, 17, 19]"
3,3.00000000,3,1,[3],"[0, 1, 0, 0, 0, 0, 0, 0]","[2, 3, 5, 7, 11, 13, 17, 19]"
3/2,1.50000000,3,2,"[2, 3]","[-1, 1, 0, 0, 0, 0, 0, 0]","[2, 3, 5, 7, 11, 13, 17, 19]"
3/4,0.75000000,3,4,"[2, 3]","[-2, 1, 0, 0, 0, 0, 0, 0]","[2, 3, 5, 7, 11, 13, 17, 19]"
3/8,0.37500000,3,8,"[2, 3]","[-3, 1, 0, 0, 0, 0, 0, 0]","[2, 3, 5, 7, 11, 13, 17, 19]"
3/16,0.18750000,3,16,"[2, 3]","[-4, 1, 0, 0, 0, 0, 0, 0]","[2, 3, 5, 7, 11, 13, 17, 19]"
3/32,0.09375000,3,32,"[2, 3]","[-5, 1, 0, 0, 0, 0, 0, 0]","[2, 3, 5, 7, 11, 13, 17, 19]"
4,4.00000000,4,1,[2],"[2, 0, 0, 0, 0, 0, 0, 0]","[2, 3, 5, 7, 11, 13, 17, 19]"
5,5.00000000,5,1,[5],"[0, 0, 1, 0, 0, 0, 0, 0]","[2, 3, 5, 7, 11, 13, 17, 19]"
5/2,2.50000000,5,2,"[2, 5]","[-1, 0, 1, 0, 0, 0, 0, 0]","[2, 3, 5, 7, 11, 13, 17, 19]"
5/4,1.25000000,5,4,"[2, 5]","[-2, 0, 1, 0, 0, 0, 0, 0]","[2, 3, 5, 7, 11, 13, 17, 19]"
5/8,0.62500000,5,8,"[2, 5]","[-3, 0, 1, 0, 0, 0, 0, 0]","[2, 3, 5, 7, 11, 13, 17, 19]"
5/16,0.31250000,5,16,"[2, 5]","[-4, 0, 1, 0, 0, 0, 0, 0]","[2, 3, 5, 7, 11, 13, 17, 19]"
5/32,0.15625000,5,32,"[2, 5]","[-5, 0, 1, 0, 0, 0, 0, 0]","[2, 3, 5, 7, 11, 13, 17, 19]"
7/2,3.50000000,7,2,"[2, 7]","[-1, 0, 0, 1, 0, 0, 0, 0]","[2, 3, 5, 7, 11, 13, 17, 19]"
7/4,1.75000000,7,4,"[2, 7]","[-2, 0, 0, 1, 0, 0, 0, 0]","[2, 3, 5, 7, 11, 13, 17, 19]"
7/8,0.87500000,7,8,"[2, 7]","[-3, 0, 0, 1, 0, 0, 0, 0]","[2, 3, 5, 7, 11, 13, 17, 19]"
7/16,0.43750000,7,16,"[2, 7]","[-4, 0, 0, 1, 0, 0, 0, 0]","[2, 3, 5, 7, 11, 13, 17, 19]"
7/32,0.21875000,7,32,"[2, 7]","[-5, 0, 0, 1, 0, 0, 0, 0]","[2, 3, 5, 7, 11, 13, 17, 19]"
9/2,4.50000000,9,2,"[2, 3]","[-1, 2, 0, 0, 0, 0, 0, 0]","[2, 3, 5, 7, 11, 13, 17, 19]"
9/4,2.25000000,9,4,"[2, 3]","[-2, 2, 0, 0, 0, 0, 0, 0]","[2, 3, 5, 7, 11, 13, 17, 19]"
9/8,1.12500000,9,8,"[2, 3]","[-3, 2, 0, 0, 0, 0, 0, 0]","[2, 3, 5, 7, 11, 13, 17, 19]"
9/16,0.56250000,9,16,"[2, 3]","[-4, 2, 0, 0, 0, 0, 0, 0]","[2, 3, 5, 7, 11, 13, 17, 19]"
9/32,0.28125000,9,32,"[2, 3]","[-5, 2, 0, 0, 0, 0, 0, 0]","[2, 3, 5, 7, 11, 13, 17, 19]"
11/2,5.50000000,11,2,"[2, 11]","[-1, 0, 0, 0, 1, 0, 0, 0]","[2, 3, 5, 7, 11, 13, 17, 19]"
11/4,2.75000000,11,4,"[2, 11]","[-2, 0, 0, 0, 1, 0, 0, 0]","[2, 3, 5, 7, 11, 13, 17, 19]"
11/8,1.37500000,11,8,"[2, 11]","[-3, 0, 0, 0, 1, 0, 0, 0]","[2, 3, 5, 7, 11, 13, 17, 19]"
11/16,0.68750000,11,16,"[2, 11]","[-4, 0, 0, 0, 1, 0, 0, 0]","[2, 3, 5, 7, 11, 13, 17, 19]"
11/32,0.34375000,11,32,"[2, 11]","[-5, 0, 0, 0, 1, 0, 0, 0]","[2, 3, 5, 7, 11, 13, 17, 19]"
13/4,3.25000000,13,4,"[2, 13]","[-2, 0, 0, 0, 0, 1, 0, 0]","[2, 3, 5, 7, 11, 13, 17, 19]"
13/8,1.62500000,13,8,"[2, 13]","[-3, 0, 0, 0, 0, 1, 0, 0]","[2, 3, 5, 7, 11, 13, 17, 19]"
13/16,0.81250000,13,16,"[2, 13]","[-4, 0, 0, 0, 0, 1, 0, 0]","[2, 3, 5, 7, 11, 13, 17, 19]"
13/32,0.40625000,13,32,"[2, 13]","[-5, 0, 0, 0, 0, 1, 0, 0]","[2, 3, 5, 7, 11, 13, 17, 19]"
15/4,3.75000000,15,4,"[2, 3, 5]","[-2, 1, 1, 0, 0, 0, 0, 0]","[2, 3, 5, 7, 11, 13, 17, 19]"
15/8,1.87500000,15,8,"[2, 3, 5]","[-3, 1, 1, 0, 0, 0, 0, 0]","[2, 3, 5, 7, 11, 13, 17, 19]"
15/16,0.93750000,15,16,"[2, 3, 5]","[-4, 1, 1, 0, 0, 0, 0, 0]","[2, 3, 5, 7, 11, 13, 17, 19]"
15/32,0.46875000,15,32,"[2, 3, 5]","[-5, 1, 1, 0, 0, 0, 0, 0]","[2, 3, 5, 7, 11, 13, 17, 19]"
17/4,4.25000000,17,4,"[2, 17]","[-2, 0, 0, 0, 0, 0, 1, 0]","[2, 3, 5, 7, 11, 13, 17, 19]"
17/8,2.12500000,17,8,"[2, 17]","[-3, 0, 0, 0, 0, 0, 1, 0]","[2, 3, 5, 7, 11, 13, 17, 19]"
17/16,1.06250000,17,16,"[2, 17]","[-4, 0, 0, 0, 0, 0, 1, 0]","[2, 3, 5, 7, 11, 13, 17, 19]"
17/32,0.53125000,17,32,"[2, 17]","[-5, 0, 0, 0, 0, 0, 1, 0]","[2, 3, 5, 7, 11, 13, 17, 19]"
19/4,4.75000000,19,4,"[2, 19]","[-2, 0, 0, 0, 0, 0, 0, 1]","[2, 3, 5, 7, 11, 13, 17, 19]"
19/8,2.37500000,19,8,"[2, 19]","[-3, 0, 0, 0, 0, 0, 0, 1]","[2, 3, 5, 7, 11, 13, 17, 19]"
19/16,1.18750000,19,16,"[2, 19]","[-4, 0, 0, 0, 0, 0, 0, 1]","[2, 3, 5, 7, 11, 13, 17, 19]"
19/32,0.59375000,19,32,"[2, 19]","[-5, 0, 0, 0, 0, 0, 0, 1]","[2, 3, 5, 7, 11, 13, 17, 19]"
21/4,5.25000000,21,4,"[2, 3, 7]","[-2, 1, 0, 1, 0, 0, 0, 0]","[2, 3, 5, 7, 11, 13, 17, 19]"
21/8,2.62500000,21,8,"[2, 3, 7]","[-3, 1, 0, 1, 0, 0, 0, 0]","[2, 3, 5, 7, 11, 13, 17, 19]"
21/16,1.31250000,21,16,"[2, 3, 7]","[-4, 1, 0, 1, 0, 0, 0, 0]","[2, 3, 5, 7, 11, 13, 17, 19]"
21/32,0.65625000,21,32,"[2, 3, 7]","[-5, 1, 0, 1, 0, 0, 0, 0]","[2, 3, 5, 7, 11, 13, 17, 19]"
23/4,5.75000000,23,4,"[2, 23]","[-2, 0, 0, 0, 0, 0, 0, 0]","[2, 3, 5, 7, 11, 13, 17, 19]"
23/8,2.87500000,23,8,"[2, 23]","[-3, 0, 0, 0, 0, 0, 0, 0]","[2, 3, 5, 7, 11, 13, 17, 19]"
23/16,1.43750000,23,16,"[2, 23]","[-4, 0, 0, 0, 0, 0, 0, 0]","[2, 3, 5, 7, 11, 13, 17, 19]"
23/32,0.71875000,23,32,"[2, 23]","[-5, 0, 0, 0, 0, 0, 0, 0]","[2, 3, 5, 7, 11, 13, 17, 19]"
25/8,3.12500000,25,8,"[2, 5]","[-3, 0, 2, 0, 0, 0, 0, 0]","[2, 3, 5, 7, 11, 13, 17, 19]"
25/16,1.56250000,25,16,"[2, 5]","[-4, 0, 2, 0, 0, 0, 0, 0]","[2, 3, 5, 7, 11, 13, 17, 19]"
25/32,0.78125000,25,32,"[2, 5]","[-5, 0, 2, 0, 0, 0, 0, 0]","[2, 3, 5, 7, 11, 13, 17, 19]"
27/8,3.37500000,27,8,"[2, 3]","[-3, 3, 0, 0, 0, 0, 0, 0]","[2, 3, 5, 7, 11, 13, 17, 19]"
27/16,1.68750000,27,16,"[2, 3]","[-4, 3, 0, 0, 0, 0, 0, 0]","[2, 3, 5, 7, 11, 13, 17, 19]"
27/32,0.84375000,27,32,"[2, 3]","[-5, 3, 0, 0, 0, 0, 0, 0]","[2, 3, 5, 7, 11, 13, 17, 19]"
29/8,3.62500000,29,8,"[2, 29]","[-3, 0, 0, 0, 0, 0, 0, 0]","[2, 3, 5, 7, 11, 13, 17, 19]"
29/16,1.81250000,29,16,"[2, 29]","[-4, 0, 0, 0, 0, 0, 0, 0]","[2, 3, 5, 7, 11, 13, 17, 19]"
29/32,0.90625000,29,32,"[2, 29]","[-5, 0, 0, 0, 0, 0, 0, 0]","[2, 3, 5, 7, 11, 13, 17, 19]"
31/8,3.87500000,31,8,"[2, 31]","[-3, 0, 0, 0, 0, 0, 0, 0]","[2, 3, 5, 7, 11, 13, 17, 19]"
31/16,1.93750000,31,16,"[2, 31]","[-4, 0, 0, 0, 0, 0, 0, 0]","[2, 3, 5, 7, 11, 13, 17, 19]"
31/32,0.96875000,31,32,"[2, 31]","[-5, 0, 0, 0, 0, 0, 0, 0]","[2, 3, 5, 7, 11, 13, 17, 19]"
33/8,4.12500000,33,8,"[2, 3, 11]","[-3, 1, 0, 0, 1, 0, 0, 0]","[2, 3, 5, 7, 11, 13, 17, 19]"
33/16,2.06250000,33,16,"[2, 3, 11]","[-4, 1, 0, 0, 1, 0, 0, 0]","[2, 3, 5, 7, 11, 13, 17, 19]"
33/32,1.03125000,33,32,"[2, 3, 11]","[-5, 1, 0, 0, 1, 0, 0, 0]","[2, 3, 5, 7, 11, 13, 17, 19]"
35/8,4.37500000,35,8,"[2, 5, 7]","[-3, 0, 1, 1, 0, 0, 0, 0]","[2, 3, 5, 7, 11, 13, 17, 19]"
35/16,2.18750000,35,16,"[2, 5, 7]","[-4, 0, 1, 1, 0, 0, 0, 0]","[2, 3, 5, 7, 11, 13, 17, 19]"
35/32,1.09375000,35,32,"[2, 5, 7]","[-5, 0, 1, 1, 0, 0, 0, 0]","[2, 3, 5, 7, 11, 13, 17, 19]"
37/8,4.62500000,37,8,"[2, 37]","[-3, 0, 0, 0, 0, 0, 0, 0]","[2, 3, 5, 7, 11, 13, 17, 19]"
37/16,2.31250000,37,16,"[2, 37]","[-4, 0, 0, 0, 0, 0, 0, 0]","[2, 3, 5, 7, 11, 13, 17, 19]"
37/32,1.15625000,37,32,"[2, 37]","[-5, 0, 0, 0, 0, 0, 0, 0]","[2, 3, 5, 7, 11, 13, 17, 19]"
39/8,4.87500000,39,8,"[2, 3, 13]","[-3, 1, 0, 0, 0, 1, 0, 0]","[2, 3, 5, 7, 11, 13, 17, 19]"
39/16,2.43750000,39,16,"[2, 3, 13]","[-4, 1, 0, 0, 0, 1, 0, 0]","[2, 3, 5, 7, 11, 13, 17, 19]"
39/32,1.21875000,39,32,"[2, 3, 13]","[-5, 1, 0, 0, 0, 1, 0, 0]","[2, 3, 5, 7, 11, 13, 17, 19]"
41/8,5.12500000,41,8,"[2, 41]","[-3, 0, 0, 0, 0, 0, 0, 0]","[2, 3, 5, 7, 11, 13, 17, 19]"
41/16,2.56250000,41,16,"[2, 41]","[-4, 0, 0, 0, 0, 0, 0, 0]","[2, 3, 5, 7, 11, 13, 17, 19]"
41/32,1.28125000,41,32,"[2, 41]","[-5, 0, 0, 0, 0, 0, 0, 0]","[2, 3, 5, 7, 11, 13, 17, 19]"
43/8,5.37500000,43,8,"[2, 43]","[-3, 0, 0, 0, 0, 0, 0, 0]","[2, 3, 5, 7, 11, 13, 17, 19]"
43/16,2.68750000,43,16,"[2, 43]","[-4, 0, 0, 0, 0, 0, 0, 0]","[2, 3, 5, 7, 11, 13, 17, 19]"
43/32,1.34375000,43,32,"[2, 43]","[-5, 0, 0, 0, 0, 0, 0, 0]","[2, 3, 5, 7, 11, 13, 17, 19]"
45/8,5.62500000,45,8,"[2, 3, 5]","[-3, 2, 1, 0, 0, 0, 0, 0]","[2, 3, 5, 7, 11, 13, 17, 19]"
45/16,2.81250000,45,16,"[2, 3, 5]","[-4, 2, 1, 0, 0, 0, 0, 0]","[2, 3, 5, 7, 11, 13, 17, 19]"
45/32,1.40625000,45,32,"[2, 3, 5]","[-5, 2, 1, 0, 0, 0, 0, 0]","[2, 3, 5, 7, 11, 13, 17, 19]"
47/8,5.87500000,47,8,"[2, 47]","[-3, 0, 0, 0, 0, 0, 0, 0]","[2, 3, 5, 7, 11, 13, 17, 19]"
47/16,2.93750000,47,16,"[2, 47]","[-4, 0, 0, 0, 0, 0, 0, 0]","[2, 3, 5, 7, 11, 13, 17, 19]"
47/32,1.46875000,47,32,"[2, 47]","[-5, 0, 0, 0, 0, 0, 0, 0]","[2, 3, 5, 7, 11, 13, 17, 19]"
49/16,3.06250000,49,16,"[2, 7]","[-4, 0, 0, 2, 0, 0, 0, 0]","[2, 3, 5, 7, 11, 13, 17, 19]"
49/32,1.53125000,49,32,"[2, 7]","[-5, 0, 0, 2, 0, 0, 0, 0]","[2, 3, 5, 7, 11, 13, 17, 19]"
51/16,3.18750000,51,16,"[2, 3, 17]","[-4, 1, 0, 0, 0, 0, 1, 0]","[2, 3, 5, 7, 11, 13, 17, 19]"
51/32,1.59375000,51,32,"[2, 3, 17]","[-5, 1, 0, 0, 0, 0, 1, 0]","[2, 3, 5, 7, 11, 13, 17, 19]"
53/16,3.31250000,53,16,"[2, 53]","[-4, 0, 0, 0, 0, 0, 0, 0]","[2, 3, 5, 7, 11, 13, 17, 19]"
53/32,1.65625000,53,32,"[2, 53]","[-5, 0, 0, 0, 0, 0, 0, 0]","[2, 3, 5, 7, 11, 13, 17, 19]"
55/16,3.43750000,55,16,"[2, 5, 11]","[-4, 0, 1, 0, 1, 0, 0, 0]","[2, 3, 5, 7, 11, 13, 17, 19]"
55/32,1.71875000,55,32,"[2, 5, 11]","[-5, 0, 1, 0, 1, 0, 0, 0]","[2, 3, 5, 7, 11, 13, 17, 19]"
57/16,3.56250000,57,16,"[2, 3, 19]","[-4, 1, 0, 0, 0, 0, 0, 1]","[2, 3, 5, 7, 11, 13, 17, 19]"
57/32,1.78125000,57,32,"[2, 3, 19]","[-5, 1, 0, 0, 0, 0, 0, 1]","[2, 3, 5, 7, 11, 13, 17, 19]"
59/16,3.68750000,59,16,"[2, 59]","[-4, 0, 0, 0, 0, 0, 0, 0]","[2, 3, 5, 7, 11, 13, 17, 19]"
59/32,1.84375000,59,32,"[2, 59]","[-5, 0, 0, 0, 0, 0, 0, 0]","[2, 3, 5, 7, 11, 13, 17, 19]"
61/16,3.81250000,61,16,"[2, 61]","[-4, 0, 0, 0, 0, 0, 0, 0]","[2, 3, 5, 7, 11, 13, 17, 19]"
61/32,1.90625000,61,32,"[2, 61]","[-5, 0, 0, 0, 0, 0, 0, 0]","[2, 3, 5, 7, 11, 13, 17, 19]"
63/16,3.93750000,63,16,"[2, 3, 7]","[-4, 2, 0, 1, 0, 0, 0, 0]","[2, 3, 5, 7, 11, 13, 17, 19]"
63/32,1.96875000,63,32,"[2, 3, 7]","[-5, 2, 0, 1, 0, 0, 0, 0]","[2, 3, 5, 7, 11, 13, 17, 19]"
65/16,4.06250000,65,16,"[2, 5, 13]","[-4, 0, 1, 0, 0, 1, 0, 0]","[2, 3, 5, 7, 11, 13, 17, 19]"
65/32,2.03125000,65,32,"[2, 5, 13]","[-5, 0, 1, 0, 0, 1, 0, 0]","[2, 3, 5, 7, 11, 13, 17, 19]"
67/16,4.18750000,67,16,"[2, 67]","[-4, 0, 0, 0, 0, 0, 0, 0]","[2, 3, 5, 7, 11, 13, 17, 19]"
67/32,2.09375000,67,32,"[2, 67]","[-5, 0, 0, 0, 0, 0, 0, 0]","[2, 3, 5, 7, 11, 13, 17, 19]"
69/16,4.31250000,69,16,"[2, 3, 23]","[-4, 1, 0, 0, 0, 0, 0, 0]","[2, 3, 5, 7, 11, 13, 17, 19]"
69/32,2.15625000,69,32,"[2, 3, 23]","[-5, 1, 0, 0, 0, 0, 0, 0]","[2, 3, 5, 7, 11, 13, 17, 19]"
71/16,4.43750000,71,16,"[2, 71]","[-4, 0, 0, 0, 0, 0, 0, 0]","[2, 3, 5, 7, 11, 13, 17, 19]"
71/32,2.21875000,71,32,"[2, 71]","[-5, 0, 0, 0, 0, 0, 0, 0]","[2, 3, 5, 7, 11, 13, 17, 19]"
73/16,4.56250000,73,16,"[2, 73]","[-4, 0, 0, 0, 0, 0, 0, 0]","[2, 3, 5, 7, 11, 13, 17, 19]"
73/32,2.28125000,73,32,"[2, 73]","[-5, 0, 0, 0, 0, 0, 0, 0]","[2, 3, 5, 7, 11, 13, 17, 19]"
75/16,4.68750000,75,16,"[2, 3, 5]","[-4, 1, 2, 0, 0, 0, 0, 0]","[2, 3, 5, 7, 11, 13, 17, 19]"
75/32,2.34375000,75,32,"[2, 3, 5]","[-5, 1, 2, 0, 0, 0, 0, 0]","[2, 3, 5, 7, 11, 13, 17, 19]"
77/16,4.81250000,77,16,"[2, 7, 11]","[-4, 0, 0, 1, 1, 0, 0, 0]","[2, 3, 5, 7, 11, 13, 17, 19]"
77/32,2.40625000,77,32,"[2, 7, 11]","[-5, 0, 0, 1, 1, 0, 0, 0]","[2, 3, 5, 7, 11, 13, 17, 19]"
79/16,4.93750000,79,16,"[2, 79]","[-4, 0, 0, 0, 0, 0, 0, 0]","[2, 3, 5, 7, 11, 13, 17, 19]"
79/32,2.46875000,79,32,"[2, 79]","[-5, 0, 0, 0, 0, 0, 0, 0]","[2, 3, 5, 7, 11, 13, 17, 19]"
81/16,5.06250000,81,16,"[2, 3]","[-4, 4, 0, 0, 0, 0, 0, 0]","[2, 3, 5, 7, 11, 13, 17, 19]"
81/32,2.53125000,81,32,"[2, 3]","[-5, 4, 0, 0, 0, 0, 0, 0]","[2, 3, 5, 7, 11, 13, 17, 19]"
83/16,5.18750000,83,16,"[2, 83]","[-4, 0, 0, 0, 0, 0, 0, 0]","[2, 3, 5, 7, 11, 13, 17, 19]"
83/32,2.59375000,83,32,"[2, 83]","[-5, 0, 0, 0, 0, 0, 0, 0]","[2, 3, 5, 7, 11, 13, 17, 19]"
85/16,5.31250000,85,16,"[2, 5, 17]","[-4, 0, 1, 0, 0, 0, 1, 0]","[2, 3, 5, 7, 11, 13, 17, 19]"
85/32,2.65625000,85,32,"[2, 5, 17]","[-5, 0, 1, 0, 0, 0, 1, 0]","[2, 3, 5, 7, 11, 13, 17, 19]"
87/16,5.43750000,87,16,"[2, 3, 29]","[-4, 1, 0, 0, 0, 0, 0, 0]","[2, 3, 5, 7, 11, 13, 17, 19]"
87/32,2.71875000,87,32,"[2, 3, 29]","[-5, 1, 0, 0, 0, 0, 0, 0]","[2, 3, 5, 7, 11, 13, 17, 19]"
89/16,5.56250000,89,16,"[2, 89]","[-4, 0, 0, 0, 0, 0, 0, 0]","[2, 3, 5, 7, 11, 13, 17, 19]"
89/32,2.78125000,89,32,"[2, 89]","[-5, 0, 0, 0, 0, 0, 0, 0]","[2, 3, 5, 7, 11, 13, 17, 19]"
91/16,5.68750000,91,16,"[2, 7, 13]","[-4, 0, 0, 1, 0, 1, 0, 0]","[2, 3, 5, 7, 11, 13, 17, 19]"
91/32,2.84375000,91,32,"[2, 7, 13]","[-5, 0, 0, 1, 0, 1, 0, 0]","[2, 3, 5, 7, 11, 13, 17, 19]"
93/16,5.81250000,93,16,"[2, 3, 31]","[-4, 1, 0, 0, 0, 0, 0, 0]","[2, 3, 5, 7, 11, 13, 17, 19]"
93/32,2.90625000,93,32,"[2, 3, 31]","[-5, 1, 0, 0, 0, 0, 0, 0]","[2, 3, 5, 7, 11, 13, 17, 19]"
95/32,2.96875000,95,32,"[2, 5, 19]","[-5, 0, 1, 0, 0, 0, 0, 1]","[2, 3, 5, 7, 11, 13, 17, 19]"
97/32,3.03125000,97,32,"[2, 97]","[-5, 0, 0, 0, 0, 0, 0, 0]","[2, 3, 5, 7, 11, 13, 17, 19]"
99/32,3.09375000,99,32,"[2, 3, 11]","[-5, 2, 0, 0, 1, 0, 0, 0]","[2, 3, 5, 7, 11, 13, 17, 19]"
101/32,3.15625000,101,32,"[2, 101]","[-5, 0, 0, 0, 0, 0, 0, 0]","[2, 3, 5, 7, 11, 13, 17, 19]"
103/32,3.21875000,103,32,"[2, 103]","[-5, 0, 0, 0, 0, 0, 0, 0]","[2, 3, 5, 7, 11, 13, 17, 19]"
105/32,3.28125000,105,32,"[2, 3, 5, 7]","[-5, 1, 1, 1, 0, 0, 0, 0]","[2, 3, 5, 7, 11, 13, 17, 19]"
107/32,3.34375000,107,32,"[2, 107]","[-5, 0, 0, 0, 0, 0, 0, 0]","[2, 3, 5, 7, 11, 13, 17, 19]"
109/32,3.40625000,109,32,"[2, 109]","[-5, 0, 0, 0, 0, 0, 0, 0]","[2, 3, 5, 7, 11, 13, 17, 19]"
111/32,3.46875000,111,32,"[2, 3, 37]","[-5, 1, 0, 0, 0, 0, 0, 0]","[2, 3, 5, 7, 11, 13, 17, 19]"
113/32,3.53125000,113,32,"[2, 113]","[-5, 0, 0, 0, 0, 0, 0, 0]","[2, 3, 5, 7, 11, 13, 17, 19]"
115/32,3.59375000,115,32,"[2, 5, 23]","[-5, 0, 1, 0, 0, 0, 0, 0]","[2, 3, 5, 7, 11, 13, 17, 19]"
117/32,3.65625000,117,32,"[2, 3, 13]","[-5, 2, 0, 0, 0, 1, 0, 0]","[2, 3, 5, 7, 11, 13, 17, 19]"
119/32,3.71875000,119,32,"[2, 7, 17]","[-5, 0, 0, 1, 0, 0, 1, 0]","[2, 3, 5, 7, 11, 13, 17, 19]"
121/32,3.78125000,121,32,"[2, 11]","[-5, 0, 0, 0, 2, 0, 0, 0]","[2, 3, 5, 7, 11, 13, 17, 19]"
123/32,3.84375000,123,32,"[2, 3, 41]","[-5, 1, 0, 0, 0, 0, 0, 0]","[2, 3, 5, 7, 11, 13, 17, 19]"
125/32,3.90625000,125,32,"[2, 5]","[-5, 0, 3, 0, 0, 0, 0, 0]","[2, 3, 5, 7, 11, 13, 17, 19]"
127/32,3.96875000,127,32,"[2, 127]","[-5, 0, 0, 0, 0, 0, 0, 0]","[2, 3, 5, 7, 11, 13, 17, 19]"
129/32,4.03125000,129,32,"[2, 3, 43]","[-5, 1, 0, 0, 0, 0, 0, 0]","[2, 3, 5, 7, 11, 13, 17, 19]"
131/32,4.09375000,131,32,"[2, 131]","[-5, 0, 0, 0, 0, 0, 0, 0]","[2, 3, 5, 7, 11, 13, 17, 19]"
133/32,4.15625000,133,32,"[2, 7, 19]","[-5, 0, 0, 1, 0, 0, 0, 1]","[2, 3, 5, 7, 11, 13, 17, 19]"
135/32,4.21875000,135,32,"[2, 3, 5]","[-5, 3, 1, 0, 0, 0, 0, 0]","[2, 3, 5, 7, 11, 13, 17, 19]"
137/32,4.28125000,137,32,"[2, 137]","[-5, 0, 0, 0, 0, 0, 0, 0]","[2, 3, 5, 7, 11, 13, 17, 19]"
139/32,4.34375000,139,32,"[2, 139]","[-5, 0, 0, 0, 0, 0, 0, 0]","[2, 3, 5, 7, 11, 13, 17, 19]"
141/32,4.40625000,141,32,"[2, 3, 47]","[-5, 1, 0, 0, 0, 0, 0, 0]","[2, 3, 5, 7, 11, 13, 17, 19]"
143/32,4.46875000,143,32,"[2, 11, 13]","[-5, 0, 0, 0, 1, 1, 0, 0]","[2, 3, 5, 7, 11, 13, 17, 19]"
145/32,4.53125000,145,32,"[2, 5, 29]","[-5, 0, 1, 0, 0, 0, 0, 0]","[2, 3, 5, 7, 11, 13, 17, 19]"
147/32,4.59375000,147,32,"[2, 3, 7]","[-5, 1, 0, 2, 0, 0, 0, 0]","[2, 3, 5, 7, 11, 13, 17, 19]"
149/32,4.65625000,149,32,"[2, 149]","[-5, 0, 0, 0, 0, 0, 0, 0]","[2, 3, 5, 7, 11, 13, 17, 19]"
151/32,4.71875000,151,32,"[2, 151]","[-5, 0, 0, 0, 0, 0, 0, 0]","[2, 3, 5, 7, 11, 13, 17, 19]"
153/32,4.78125000,153,32,"[2, 3, 17]","[-5, 2, 0, 0, 0, 0, 1, 0]","[2, 3, 5, 7, 11, 13, 17, 19]"
155/32,4.84375000,155,32,"[2, 5, 31]","[-5, 0, 1, 0, 0, 0, 0, 0]","[2, 3, 5, 7, 11, 13, 17, 19]"
157/32,4.90625000,157,32,"[2, 157]","[-5, 0, 0, 0, 0, 0, 0, 0]","[2, 3, 5, 7, 11, 13, 17, 19]"
159/32,4.96875000,159,32,"[2, 3, 53]","[-5, 1, 0, 0, 0, 0, 0, 0]","[2, 3, 5, 7, 11, 13, 17, 19]"
161/32,5.03125000,161,32,"[2, 7, 23]","[-5, 0, 0, 1, 0, 0, 0, 0]","[2, 3, 5, 7, 11, 13, 17, 19]"
163/32,5.09375000,163,32,"[2, 163]","[-5, 0, 0, 0, 0, 0, 0, 0]","[2, 3, 5, 7, 11, 13, 17, 19]"
165/32,5.15625000,165,32,"[2, 3, 5, 11]","[-5, 1, 1, 0, 1, 0, 0, 0]","[2, 3, 5, 7, 11, 13, 17, 19]"
167/32,5.21875000,167,32,"[2, 167]","[-5, 0, 0, 0, 0, 0, 0, 0]","[2, 3, 5, 7, 11, 13, 17, 19]"
169/32,5.28125000,169,32,"[2, 13]","[-5, 0, 0, 0, 0, 2, 0, 0]","[2, 3, 5, 7, 11, 13, 17, 19]"
171/32,5.34375000,171,32,"[2, 3, 19]","[-5, 2, 0, 0, 0, 0, 0, 1]","[2, 3, 5, 7, 11, 13, 17, 19]"
173/32,5.40625000,173,32,"[2, 173]","[-5, 0, 0, 0, 0, 0, 0, 0]","[2, 3, 5, 7, 11, 13, 17, 19]"
175/32,5.46875000,175,32,"[2, 5, 7]","[-5, 0, 2, 1, 0, 0, 0, 0]","[2, 3, 5, 7, 11, 13, 17, 19]"
177/32,5.53125000,177,32,"[2, 3, 59]","[-5, 1, 0, 0, 0, 0, 0, 0]","[2, 3, 5, 7, 11, 13, 17, 19]"
179/32,5.59375000,179,32,"[2, 179]","[-5, 0, 0, 0, 0, 0, 0, 0]","[2, 3, 5, 7, 11, 13, 17, 19]"
181/32,5.65625000,181,32,"[2, 181]","[-5, 0, 0, 0, 0, 0, 0, 0]","[2, 3, 5, 7, 11, 13, 17, 19]"
183/32,5.71875000,183,32,"[2, 3, 61]","[-5, 1, 0, 0, 0, 0, 0, 0]","[2, 3, 5, 7, 11, 13, 17, 19]"
185/32,5.78125000,185,32,"[2, 5, 37]","[-5, 0, 1, 0, 0, 0, 0, 0]","[2, 3, 5, 7, 11, 13, 17, 19]"
187/32,5.84375000,187,32,"[2, 11, 17]","[-5, 0, 0, 0, 1, 0, 1, 0]","[2, 3, 5, 7, 11, 13, 17, 19]"
189/32,5.90625000,189,32,"[2, 3, 7]","[-5, 3, 0, 1, 0, 0, 0, 0]","[2, 3, 5, 7, 11, 13, 17, 19]"
